8bffe092134cac84ac5affab4fb9b738,aecd3acf09c5bf0772ab0a913a4e7eeb,1bd9b38e59eabb23abbcda38a323c8e9,lamp,99fafc0e66a78fdede1bfda2872d7b36,mos,pipe,coc,peach,flowers,ic,raccoon,2df432f958ac518069cfd3a592e3b541,7c5c1b29e2321f5d03aa42c3baaa0507,039e7bb6dce1ad2337a0e0bcdcdcd787,res,per,ceb,73fa52b1a13aa3578de598bfd1a3721d,2190f8084bc57bd5832a650392614a5d,2ced5b9e3a461eddadaefbcb3a48f7e4,umbrella,e74d123b69763dd689bc899ca04cc174,373cc3217e11b7059d0ec44b1480f617,9997722fca0d9535d58ed23bb43a49ad,puebla,gr,edc9df272ba8f3408a6e0b8adca77aab,41bad729417d7af185e7489178310dfa,bjork2,ic2,agra,blossom,thread,gar,banana,plumas,nemo,flo,e9db0256563f8993255dc142de6dcee1,heart,jap,van,hazelnuts,b64b285fd18e272b85043332f06fb499,tibet,6bf7bb6ba078ffb96fa1bf7dc73d28a0,4cce5f10e307d2c1e501938389db9fa0,335ce1b16bb35f1da669f606e0eaece2,morr,tropical,throne,kies,b9c74a0e0fdcd787ec37c69161aacef0,09ebb694f9c66991467684098da547c2,fe7e1edbcda543fc2d7e3dc4bf54c5fe,bjork,06df28fbcf3ddb7eae63f69ebfce177f,matcha,gf,cacti,b0b4c98f40aa3757ca1e044f7c212393,d072cb092a6b5e3e5e9746ff42a928e3,0b813c3ff57ebc81d55e8ccd1dc21788,d737259b476c60f33b9c0a6e36b962de,reflection,bal,a2cbb62b458a8eb342231de5b825015c,75bdbb88471277b3e4a4d2fd7dd510e4,82985b25b31316e21158c66c89c93d63,window,68788d484729dc0297da343a0afe835e,8881e2f9bc476775f8d5b2df27604fe0,eb3793fe21d9ea837eb5e1f619bda67b,0260fbd3496b705242809fffdcf42cca,cf35b8c2292609733eac88c8c773e507,5e5eba5253f6afad8db6662a31d65872,sea,holo,pf,bee,net,ac144eb4fe749a4c231bbe874f0dd1ea,erizo,bf6d88b006dea8fe4749532be444e194,fe4b3fd1e2b748a8ada85ab8bdd06ef0,succulent,a5231680454b32cf7c34d19d7f55bf91,57e67d67e291578d6b244d0a6d0dc3f7,lima,9faa0909c6e6f741c42c27abbe32f861,cca564af33d4d1dfc916e7653c29bbd9,tea,68320e05c6b538567d454c1bfd21f143,051420d36c08cd54e5fb758d9c47db20,28c848151a54b63dd07543b3fcb346ae,08e073a91433365f86c2cac626e165bd,india,350ecf9416b807877ec2acf132e6df28,nuez,ed23db930a46036042876c93e8892035,lea,860b2f41c9fafd2d6c186ab4174c537c,peters,tile,638d3fc4ecd8471815769a763fd436c4,7cb42d4b9c922e42e320d444bae3aeef,3eb5ddb4aebd19816bb664b28b9df0fc,lea2,13bec163e54e53c03e0658da9c981067,f90d03c14377bb18e26081ee8eecd20d,mandm,pist,027222a1267aa4237522aaebc5ede520,jean,eb3720c19c9058aa321df37e5c82b67a,teal,denim,35c9863931e6843b7db51093681993b6,1ac16d30075fa0376a1b09746bb10d78,ajo,69a872bc4c08e4590caad30182014186,59551ed285befcb00e9d52a65a005f2a,mango,av,5d00f445b8dd9eabd4b2193155d1db9e,5ed104747032281d9e8a49366c2f694b,89d941360a52ba0481dedf47b0d36b3c,aa2eb5ce06b14a426986fbe839c86034,c96ef05a5cb7423c9a29873ae792a231,matcha2,mallows,0a8616ebe57d001669e7c22bafdf3b22,but,f5a9c5dfafd3e3d014512200e4cca865,shining,cat,cffe0dea4bd51d87d82cf82996e3ec99,39f8aea99c809561c61016acc1f36fcd,e0359d39b49ceada8ee56fb23b52825b,4cbcedb66cc1d0fec86dc3d06db891de,siames,cake,fcdcaec392bea800e9e877c24acccca4,9076164a8e03125d6d1c40601dc6313b,83b1cfe71ae67176bf98186859eb4555,2c27fde2ab88cfa75ff0ec8af468c03a,c1c53edc23ce20380fe348a76770c104,zaan,69fefa7cdef63f003286c2c0a8064d7c,sp,96a5bda36aee92754d0a50ca2e4024ab,02bb378e6e9873fde79c1a69c7ecf8f8,pan,0e11868a7e6a459af2f92249a04a138c,mousse,aa89e981b6a63fa8a1fa253d68c7a2a3,9445d79d9575b5db7318fb3ccf4c013b,oct,afd05affb8ee9a16f8cd55ac30cfd969,peach2,fa08db9daab426f271d2e23512bf060c,f1e8062cf312a021194fa5a28c3b521e,a191ed2cd2a83fbce3540fba2c0474a1,tumblr_dd48cabf20a43242959a1b3cd9b1a225_10c6025d_400,1f23d405f5268c7e1dd58bcd81a3d358,cx9bc2mc8qx41,36c0c3842ae27d4273b71f631461f44e,1fc604aa185d824765a6b9582df3b6a6,tumblr_ntfry6l8nD1tn6jt3o1_540,knkft95kjh151,ssmFU4nYEHIBA_yMj0q7UZdvsO5kz2Jwb4DmxtC9lXA,tumblr_njz9drX3WF1r38w10o1_540,321faa0baaf1f30cca4af3ae7f0551f6,325vhan02s051
"(169, 26, 6)","(43, 2, 6)","(79, 22, 10)","(251, 251, 251)","(23, 18, 9)","(13, 21, 32)","(248, 247, 243)","(240, 243, 244)","(74, 1, 1)","(45, 15, 4)","(204, 192, 138)","(12, 11, 13)","(39, 19, 4)","(8, 59, 205)","(249, 193, 11)","(241, 239, 96)","(191, 133, 112)","(251, 218, 235)","(7, 116, 254)","(210, 148, 2)","(171, 25, 32)","(39, 37, 192)","(118, 8, 231)","(255, 196, 198)","(244, 243, 219)","(23, 29, 62)","(218, 244, 92)","(254, 254, 254)","(27, 9, 4)","(2, 1, 2)","(41, 2, 4)","(195, 19, 5)","(248, 244, 242)","(203, 228, 100)","(208, 205, 224)","(250, 250, 134)","(174, 5, 3)","(225, 110, 6)","(47, 3, 3)","(233, 179, 19)","(62, 4, 3)","(248, 176, 247)","(32, 5, 2)","(16, 2, 2)","(42, 0, 0)","(93, 190, 153)","(6, 39, 27)","(9, 4, 10)","(148, 38, 0)","(72, 112, 181)","(79, 123, 80)","(8, 35, 8)","(239, 17, 17)","(8, 99, 150)","(9, 9, 9)","(2, 76, 195)","(241, 20, 77)","(29, 61, 233)","(8, 13, 2)","(255, 76, 134)","(84, 246, 154)","(118, 64, 207)","(2, 5, 0)","(254, 233, 1)","(160, 50, 14)","(167, 133, 27)","(3, 13, 32)","(250, 209, 231)","(255, 252, 247)","(43, 50, 28)","(6, 80, 205)","(239, 230, 188)","(252, 188, 69)","(16, 2, 1)","(246, 248, 241)","(235, 139, 0)","(254, 92, 1)","(250, 166, 183)","(166, 139, 106)","(255, 227, 2)","(253, 251, 147)","(255, 212, 148)","(201, 215, 227)","(21, 16, 12)","(227, 65, 10)","(232, 1, 24)","(219, 123, 136)","(213, 105, 37)","(246, 176, 5)","(255, 210, 2)","(188, 0, 0)","(251, 232, 170)","(12, 22, 2)","(164, 171, 171)","(253, 116, 0)","(255, 241, 146)","(10, 121, 150)","(139, 18, 9)","(157, 20, 109)","(160, 74, 5)","(249, 4, 102)","(0, 25, 33)","(232, 164, 4)","(220, 155, 25)","(17, 145, 26)","(34, 18, 9)","(200, 23, 49)","(1, 56, 225)","(122, 184, 106)","(252, 152, 60)","(232, 47, 1)","(30, 6, 8)","(165, 144, 71)","(33, 4, 53)","(251, 30, 104)","(223, 194, 112)","(204, 243, 223)","(246, 206, 143)","(254, 126, 4)","(47, 4, 1)","(44, 0, 11)","(1, 30, 2)","(150, 97, 44)","(51, 41, 9)","(224, 246, 220)","(242, 248, 255)","(210, 132, 4)","(209, 4, 247)","(239, 252, 243)","(248, 59, 1)","(132, 208, 11)","(255, 240, 245)","(33, 37, 0)","(12, 29, 1)","(231, 208, 69)","(252, 90, 4)","(252, 251, 250)","(106, 134, 32)","(254, 246, 194)","(20, 5, 5)","(29, 1, 1)","(252, 249, 246)","(178, 85, 15)","(39, 4, 2)","(148, 228, 231)","(4, 60, 21)","(14, 0, 0)","(248, 248, 250)","(10, 43, 12)","(255, 231, 239)","(37, 113, 91)","(18, 12, 27)","(226, 32, 11)","(248, 163, 65)","(11, 237, 3)","(223, 234, 239)","(240, 102, 129)","(0, 23, 0)","(233, 131, 139)","(105, 122, 131)","(51, 21, 1)","(247, 66, 0)","(198, 194, 203)","(24, 8, 1)","(170, 48, 4)","(141, 71, 27)","(244, 251, 215)","(52, 3, 4)","(154, 218, 14)","(237, 228, 221)","(8, 34, 73)","(9, 23, 32)","(7, 27, 4)","(147, 118, 104)","(4, 23, 0)"
"(250, 221, 189)","(254, 228, 236)","(225, 170, 102)","(225, 118, 1)","(244, 140, 196)","(175, 99, 49)","(195, 96, 14)","(28, 10, 5)","(238, 11, 7)","(243, 130, 7)","(120, 63, 14)","(243, 239, 242)","(254, 88, 1)","(228, 231, 233)","(253, 252, 207)","(12, 10, 21)","(252, 245, 240)","(164, 9, 69)","(201, 24, 18)","(254, 237, 3)","(19, 18, 10)","(194, 74, 231)","(170, 102, 88)","(18, 3, 3)","(99, 11, 1)","(250, 215, 22)","(6, 37, 1)","(1, 1, 1)","(254, 228, 25)","(237, 236, 243)","(252, 232, 244)","(253, 237, 214)","(83, 20, 13)","(14, 39, 1)","(216, 30, 5)","(154, 112, 8)","(251, 79, 76)","(65, 187, 12)","(255, 225, 244)","(243, 40, 15)","(222, 115, 116)","(57, 15, 37)","(242, 171, 79)","(247, 242, 209)","(247, 146, 164)","(226, 48, 44)","(198, 226, 196)","(248, 233, 225)","(253, 230, 133)","(156, 165, 204)","(234, 242, 219)","(230, 252, 211)","(33, 4, 4)","(123, 230, 253)","(250, 250, 250)","(8, 13, 65)","(15, 9, 17)","(234, 239, 254)","(250, 245, 234)","(255, 200, 232)","(13, 144, 52)","(21, 3, 42)","(151, 210, 45)","(1, 169, 239)","(238, 243, 239)","(9, 7, 0)","(238, 241, 254)","(222, 126, 143)","(237, 46, 7)","(158, 223, 208)","(250, 191, 6)","(28, 18, 14)","(59, 4, 0)","(221, 164, 82)","(112, 75, 9)","(255, 251, 142)","(9, 10, 2)","(240, 238, 241)","(241, 232, 221)","(243, 45, 0)","(178, 76, 2)","(198, 92, 14)","(102, 12, 0)","(244, 234, 220)","(58, 2, 0)","(255, 133, 203)","(25, 22, 4)","(254, 238, 194)","(232, 234, 224)","(21, 1, 8)","(255, 226, 223)","(169, 115, 45)","(250, 252, 238)","(41, 52, 45)","(254, 254, 249)","(87, 9, 1)","(232, 239, 229)","(150, 236, 254)","(109, 76, 245)","(246, 170, 54)","(255, 224, 253)","(77, 198, 104)","(177, 95, 1)","(232, 247, 238)","(89, 223, 97)","(210, 182, 178)","(240, 228, 228)","(0, 0, 14)","(0, 14, 1)","(147, 39, 31)","(18, 16, 4)","(246, 81, 17)","(242, 238, 226)","(239, 192, 244)","(44, 4, 5)","(247, 250, 246)","(7, 117, 93)","(4, 2, 18)","(72, 9, 3)","(209, 30, 3)","(247, 198, 237)","(240, 253, 232)","(25, 7, 2)","(251, 251, 250)","(5, 14, 6)","(4, 113, 236)","(9, 7, 0)","(39, 0, 71)","(25, 136, 18)","(39, 1, 0)","(223, 223, 139)","(237, 111, 133)","(205, 230, 65)","(252, 252, 222)","(36, 81, 238)","(60, 10, 2)","(9, 2, 11)","(38, 24, 2)","(35, 5, 2)","(24, 244, 254)","(254, 214, 169)","(22, 7, 3)","(244, 226, 249)","(246, 207, 150)","(126, 161, 96)","(30, 193, 160)","(236, 10, 2)","(136, 55, 39)","(236, 249, 250)","(193, 92, 107)","(198, 185, 143)","(215, 14, 252)","(9, 15, 1)","(93, 1, 0)","(0, 11, 0)","(189, 79, 78)","(158, 16, 29)","(119, 242, 8)","(160, 33, 40)","(2, 4, 17)","(242, 79, 71)","(55, 11, 1)","(4, 1, 2)","(253, 239, 29)","(252, 246, 168)","(247, 154, 32)","(5, 25, 0)","(238, 240, 146)","(93, 0, 161)","(16, 7, 4)","(243, 245, 250)","(223, 239, 244)","(227, 237, 223)","(242, 220, 208)","(204, 252, 100)"
"(21, 4, 2)","(204, 41, 49)","(252, 246, 229)","(161, 49, 6)","(116, 119, 100)","(26, 149, 204)","(25, 13, 23)","(165, 149, 143)","(255, 173, 127)","(234, 227, 191)","(228, 171, 16)","(117, 112, 123)","(255, 7, 133)","(2, 12, 129)","(127, 56, 2)","(244, 24, 1)","(40, 11, 10)","(243, 123, 196)","(227, 114, 167)","(100, 40, 0)","(236, 197, 188)","(3, 1, 36)","(223, 189, 201)","(227, 101, 119)","(223, 97, 10)","(220, 48, 11)","(247, 253, 233)","(86, 89, 88)","(243, 239, 134)","(122, 108, 134)","(142, 28, 63)","(43, 2, 2)","(185, 140, 128)","(137, 158, 20)","(174, 190, 22)","(37, 13, 1)","(94, 0, 0)","(192, 246, 153)","(238, 126, 155)","(99, 20, 9)","(175, 8, 8)","(184, 73, 153)","(142, 80, 42)","(236, 136, 73)","(182, 38, 51)","(247, 228, 223)","(85, 128, 129)","(124, 25, 105)","(245, 156, 11)","(18, 51, 128)","(3, 15, 7)","(70, 113, 48)","(248, 227, 198)","(0, 21, 49)","(173, 173, 173)","(214, 142, 66)","(88, 168, 215)","(2, 2, 105)","(138, 190, 19)","(255, 7, 66)","(31, 206, 108)","(228, 186, 251)","(49, 103, 6)","(17, 24, 12)","(24, 4, 3)","(255, 236, 87)","(94, 132, 218)","(153, 29, 34)","(251, 177, 118)","(216, 25, 5)","(29, 9, 8)","(253, 224, 7)","(255, 249, 183)","(255, 248, 198)","(211, 196, 146)","(252, 210, 13)","(198, 23, 0)","(20, 60, 70)","(10, 213, 213)","(255, 151, 0)","(58, 9, 1)","(247, 155, 77)","(248, 196, 121)","(142, 122, 103)","(254, 210, 190)","(74, 0, 1)","(251, 218, 227)","(46, 3, 1)","(75, 58, 32)","(111, 129, 232)","(252, 0, 1)","(224, 178, 106)","(20, 149, 69)","(240, 245, 237)","(135, 19, 5)","(250, 176, 52)","(84, 168, 187)","(252, 199, 48)","(17, 10, 74)","(37, 3, 0)","(253, 60, 165)","(211, 252, 206)","(253, 244, 97)","(64, 17, 10)","(208, 243, 192)","(231, 3, 11)","(30, 18, 11)","(236, 255, 255)","(219, 250, 194)","(233, 188, 160)","(239, 241, 196)","(18, 126, 249)","(26, 13, 3)","(228, 162, 29)","(253, 208, 173)","(37, 12, 2)","(0, 32, 16)","(253, 253, 248)","(236, 43, 0)","(250, 242, 230)","(139, 42, 90)","(143, 202, 131)","(246, 224, 165)","(189, 181, 129)","(73, 133, 75)","(169, 200, 245)","(254, 238, 1)","(255, 246, 255)","(124, 209, 107)","(252, 174, 26)","(195, 89, 25)","(251, 175, 191)","(250, 59, 77)","(95, 157, 46)","(29, 26, 11)","(219, 219, 191)","(234, 5, 189)","(221, 197, 129)","(236, 174, 94)","(226, 237, 227)","(236, 118, 65)","(191, 131, 93)","(93, 18, 26)","(164, 26, 6)","(33, 67, 36)","(253, 139, 44)","(128, 6, 1)","(183, 149, 143)","(45, 143, 232)","(153, 22, 31)","(30, 191, 134)","(110, 2, 177)","(238, 170, 114)","(254, 229, 196)","(93, 253, 36)","(200, 156, 168)","(255, 216, 232)","(24, 152, 4)","(254, 230, 235)","(202, 207, 236)","(223, 10, 13)","(254, 164, 2)","(247, 250, 252)","(139, 152, 54)","(49, 2, 0)","(21, 4, 1)","(171, 194, 96)","(172, 12, 53)","(211, 79, 247)","(146, 112, 88)","(134, 149, 173)","(106, 136, 151)","(96, 133, 83)","(34, 17, 7)","(106, 186, 14)"
"(241, 103, 31)","(243, 140, 151)",,"(254, 177, 3)","(246, 220, 241)","(220, 229, 216)","(200, 178, 145)",,"(254, 75, 58)",,"(244, 246, 231)",,,,,,,"(242, 17, 151)","(26, 30, 25)","(255, 241, 182)","(252, 11, 126)","(246, 228, 252)","(9, 4, 40)","(255, 170, 174)","(115, 150, 155)","(171, 200, 214)","(105, 166, 22)",,"(234, 89, 5)",,"(229, 118, 158)","(234, 136, 74)",,"(243, 254, 214)","(29, 21, 21)","(245, 223, 13)","(233, 29, 26)","(6, 23, 1)","(164, 49, 57)","(186, 72, 154)","(254, 249, 250)",,"(253, 244, 207)","(137, 41, 23)","(255, 239, 245)","(39, 7, 4)","(221, 33, 35)","(216, 77, 227)",,"(233, 233, 246)",,"(143, 190, 107)",,"(57, 168, 219)",,,,,,,"(1, 24, 6)",,"(244, 253, 207)",,"(216, 136, 104)","(236, 189, 59)",,,"(91, 1, 0)",,"(250, 231, 239)",,"(200, 94, 3)","(126, 62, 24)","(160, 136, 63)","(176, 70, 0)","(62, 62, 38)","(140, 172, 174)","(55, 59, 30)","(118, 0, 0)","(253, 206, 14)","(104, 18, 0)","(179, 74, 10)",,"(253, 131, 79)","(254, 26, 109)","(129, 82, 61)","(136, 34, 3)",,"(198, 88, 5)","(255, 51, 70)","(68, 33, 19)","(213, 204, 105)",,"(255, 244, 9)","(199, 82, 8)","(154, 212, 219)","(3, 70, 240)","(215, 228, 26)","(255, 242, 162)","(254, 134, 219)","(3, 92, 60)","(255, 232, 5)","(18, 118, 231)","(7, 22, 4)",,"(174, 135, 131)","(5, 201, 255)","(37, 101, 37)","(250, 88, 6)","(206, 185, 44)","(6, 240, 14)",,"(116, 6, 206)",,"(160, 10, 12)","(25, 193, 172)","(140, 102, 78)","(241, 230, 213)","(246, 134, 60)","(205, 114, 172)","(49, 132, 55)",,"(250, 142, 3)",,,"(203, 248, 184)",,"(4, 44, 1)","(141, 9, 1)","(25, 62, 1)","(186, 23, 41)",,"(240, 179, 15)",,"(139, 31, 2)","(117, 56, 109)","(179, 8, 25)","(162, 76, 23)","(4, 172, 205)","(154, 35, 13)",,"(161, 91, 139)","(201, 112, 66)","(11, 117, 178)",,"(244, 178, 48)","(41, 2, 1)","(107, 130, 93)","(238, 165, 179)","(3, 47, 40)","(245, 170, 219)",,"(209, 63, 7)","(2, 147, 2)","(146, 11, 9)","(32, 5, 4)","(214, 254, 100)","(36, 1, 4)","(37, 48, 75)","(249, 195, 130)","(244, 246, 174)","(139, 105, 104)","(234, 242, 165)","(249, 177, 36)","(242, 229, 179)","(40, 129, 11)","(149, 167, 57)","(29, 44, 2)",,"(1, 5, 10)",,"(215, 103, 35)","(197, 168, 155)",
,,,,"(222, 49, 107)",,,,,,"(23, 5, 1)",,,,,,,,,,,,,,,,,,,,,,,,,,,,,,,,,,,,,,,,,,,,,,,,,,,,,,,,,,,,,,,,,,,,,,,,,,,,,,,,,,"(173, 50, 4)",,,,,,"(249, 220, 236)",,,,,,,,,,,"(25, 3, 4)",,,,,,,,,,,,,,,,,,,,,,,,,,,,,,"(190, 74, 33)",,,,,,,,,,,,,,,,,,,,,,"(112, 110, 21)",,,,,,,,,,,,,
,,,,,,,,,,,,,,,,,,,,,,,,,,,,,,,,,,,,,,,,,,,,,,,,,,,,,,,,,,,,,,,,,,,,,,,,,,,,,,,,,,,,,,,,,,,,,,,,,,,,,,,,,,,,,,,,,,,,,,,,,,,,,,,,,,,,,,,,,,,,,,,,,,,,,,,,,,,,,,,,,,,,,,,,,,,,,,
,,,,,,,,,,,,,,,,,,,,,,,,,,,,,,,,,,,,,,,,,,,,,,,,,,,,,,,,,,,,,,,,,,,,,,,,,,,,,,,,,,,,,,,,,,,,,,,,,,,,,,,,,,,,,,,,,,,,,,,,,,,,,,,,,,,,,,,,,,,,,,,,,,,,,,,,,,,,,,,,,,,,,,,,,,,,,,
,,,,,,,,,,,,,,,,,,,,,,,,,,,,,,,,,,,,,,,,,,,,,,,,,,,,,,,,,,,,,,,,,,,,,,,,,,,,,,,,,,,,,,,,,,,,,,,,,,,,,,,,,,,,,,,,,,,,,,,,,,,,,,,,,,,,,,,,,,,,,,,,,,,,,,,,,,,,,,,,,,,,,,,,,,,,,,
,,,,,,,,,,,,,,,,,,,,,,,,,,,,,,,,,,,,,,,,,,,,,,,,,,,,,,,,,,,,,,,,,,,,,,,,,,,,,,,,,,,,,,,,,,,,,,,,,,,,,,,,,,,,,,,,,,,,,,,,,,,,,,,,,,,,,,,,,,,,,,,,,,,,,,,,,,,,,,,,,,,,,,,,,,,,,,
,,,,,,,,,,,,,,,,,,,,,,,,,,,,,,,,,,,,,,,,,,,,,,,,,,,,,,,,,,,,,,,,,,,,,,,,,,,,,,,,,,,,,,,,,,,,,,,,,,,,,,,,,,,,,,,,,,,,,,,,,,,,,,,,,,,,,,,,,,,,,,,,,,,,,,,,,,,,,,,,,,,,,,,,,,,,,,
,,,,,,,,,,,,,,,,,,,,,,,,,,,,,,,,,,,,,,,,,,,,,,,,,,,,,,,,,,,,,,,,,,,,,,,,,,,,,,,,,,,,,,,,,,,,,,,,,,,,,,,,,,,,,,,,,,,,,,,,,,,,,,,,,,,,,,,,,,,,,,,,,,,,,,,,,,,,,,,,,,,,,,,,,,,,,,
,,,,,,,,,,,,,,,,,,,,,,,,,,,,,,,,,,,,,,,,,,,,,,,,,,,,,,,,,,,,,,,,,,,,,,,,,,,,,,,,,,,,,,,,,,,,,,,,,,,,,,,,,,,,,,,,,,,,,,,,,,,,,,,,,,,,,,,,,,,,,,,,,,,,,,,,,,,,,,,,,,,,,,,,,,,,,,
,,,,,,,,,,,,,,,,,,,,,,,,,,,,,,,,,,,,,,,,,,,,,,,,,,,,,,,,,,,,,,,,,,,,,,,,,,,,,,,,,,,,,,,,,,,,,,,,,,,,,,,,,,,,,,,,,,,,,,,,,,,,,,,,,,,,,,,,,,,,,,,,,,,,,,,,,,,,,,,,,,,,,,,,,,,,,,
,,,,,,,,,,,,,,,,,,,,,,,,,,,,,,,,,,,,,,,,,,,,,,,,,,,,,,,,,,,,,,,,,,,,,,,,,,,,,,,,,,,,,,,,,,,,,,,,,,,,,,,,,,,,,,,,,,,,,,,,,,,,,,,,,,,,,,,,,,,,,,,,,,,,,,,,,,,,,,,,,,,,,,,,,,,,,,
,,,,,,,,,,,,,,,,,,,,,,,,,,,,,,,,,,,,,,,,,,,,,,,,,,,,,,,,,,,,,,,,,,,,,,,,,,,,,,,,,,,,,,,,,,,,,,,,,,,,,,,,,,,,,,,,,,,,,,,,,,,,,,,,,,,,,,,,,,,,,,,,,,,,,,,,,,,,,,,,,,,,,,,,,,,,,,
