mallows,peach2,lamp,mos,pipe,coc,peach,flowers,ic,raccoon,res,per,ceb,umbrella,puebla,gr,bjork2,ic2,agra,blossom,thread,gar,banana,plumas,nemo,flo,heart,jap,van,hazelnuts,tibet,morr,tropical,throne,kies,bjork,matcha,gf,cacti,reflection,bal,window,sea,holo,pf,bee,nuez,pan,jean,matcha2,oct,net,erizo,succulent,lima,tea,india,lea,peters,tile,lea2,mandm,pist,teal,denim,ajo,mango,av,but,shining,cat,siames,cake,zaan,sp,mousse,1bd9b38e59eabb23abbcda38a323c8e9,edc9df272ba8f3408a6e0b8adca77aab,41bad729417d7af185e7489178310dfa,4cce5f10e307d2c1e501938389db9fa0,0b813c3ff57ebc81d55e8ccd1dc21788,75bdbb88471277b3e4a4d2fd7dd510e4,8881e2f9bc476775f8d5b2df27604fe0,eb3793fe21d9ea837eb5e1f619bda67b,860b2f41c9fafd2d6c186ab4174c537c,13bec163e54e53c03e0658da9c981067,f90d03c14377bb18e26081ee8eecd20d,eb3720c19c9058aa321df37e5c82b67a,69a872bc4c08e4590caad30182014186,5ed104747032281d9e8a49366c2f694b,aa2eb5ce06b14a426986fbe839c86034,0a8616ebe57d001669e7c22bafdf3b22,cffe0dea4bd51d87d82cf82996e3ec99,8bffe092134cac84ac5affab4fb9b738,2df432f958ac518069cfd3a592e3b541,7c5c1b29e2321f5d03aa42c3baaa0507,e74d123b69763dd689bc899ca04cc174,9997722fca0d9535d58ed23bb43a49ad,aecd3acf09c5bf0772ab0a913a4e7eeb,99fafc0e66a78fdede1bfda2872d7b36,2190f8084bc57bd5832a650392614a5d,373cc3217e11b7059d0ec44b1480f617,b64b285fd18e272b85043332f06fb499,335ce1b16bb35f1da669f606e0eaece2,09ebb694f9c66991467684098da547c2,06df28fbcf3ddb7eae63f69ebfce177f,b0b4c98f40aa3757ca1e044f7c212393,d737259b476c60f33b9c0a6e36b962de,a2cbb62b458a8eb342231de5b825015c,82985b25b31316e21158c66c89c93d63,0260fbd3496b705242809fffdcf42cca,cf35b8c2292609733eac88c8c773e507,5e5eba5253f6afad8db6662a31d65872,bf6d88b006dea8fe4749532be444e194,fe4b3fd1e2b748a8ada85ab8bdd06ef0,9faa0909c6e6f741c42c27abbe32f861,cca564af33d4d1dfc916e7653c29bbd9,051420d36c08cd54e5fb758d9c47db20,08e073a91433365f86c2cac626e165bd,ed23db930a46036042876c93e8892035,638d3fc4ecd8471815769a763fd436c4,7cb42d4b9c922e42e320d444bae3aeef,3eb5ddb4aebd19816bb664b28b9df0fc,027222a1267aa4237522aaebc5ede520,35c9863931e6843b7db51093681993b6,1ac16d30075fa0376a1b09746bb10d78,59551ed285befcb00e9d52a65a005f2a,5d00f445b8dd9eabd4b2193155d1db9e,89d941360a52ba0481dedf47b0d36b3c,c96ef05a5cb7423c9a29873ae792a231,f5a9c5dfafd3e3d014512200e4cca865,39f8aea99c809561c61016acc1f36fcd,e0359d39b49ceada8ee56fb23b52825b,4cbcedb66cc1d0fec86dc3d06db891de,fcdcaec392bea800e9e877c24acccca4,9076164a8e03125d6d1c40601dc6313b,2c27fde2ab88cfa75ff0ec8af468c03a,c1c53edc23ce20380fe348a76770c104,69fefa7cdef63f003286c2c0a8064d7c,0e11868a7e6a459af2f92249a04a138c,aa89e981b6a63fa8a1fa253d68c7a2a3,9445d79d9575b5db7318fb3ccf4c013b,afd05affb8ee9a16f8cd55ac30cfd969,fa08db9daab426f271d2e23512bf060c,f1e8062cf312a021194fa5a28c3b521e,73fa52b1a13aa3578de598bfd1a3721d,e9db0256563f8993255dc142de6dcee1,b9c74a0e0fdcd787ec37c69161aacef0,57e67d67e291578d6b244d0a6d0dc3f7,83b1cfe71ae67176bf98186859eb4555,02bb378e6e9873fde79c1a69c7ecf8f8,a191ed2cd2a83fbce3540fba2c0474a1,039e7bb6dce1ad2337a0e0bcdcdcd787,2ced5b9e3a461eddadaefbcb3a48f7e4,6bf7bb6ba078ffb96fa1bf7dc73d28a0,fe7e1edbcda543fc2d7e3dc4bf54c5fe,d072cb092a6b5e3e5e9746ff42a928e3,68788d484729dc0297da343a0afe835e,ac144eb4fe749a4c231bbe874f0dd1ea,a5231680454b32cf7c34d19d7f55bf91,68320e05c6b538567d454c1bfd21f143,28c848151a54b63dd07543b3fcb346ae,350ecf9416b807877ec2acf132e6df28,96a5bda36aee92754d0a50ca2e4024ab
12.0,34.0,66.0,30.0,33.0,70.0,22.0,34.0,49.0,31.0,25.0,29.0,44.0,52.0,30.0,31.0,6.0,41.0,18.0,53.0,43.0,43.0,26.0,26.0,43.0,35.0,45.0,48.0,31.0,40.0,48.0,47.0,64.0,54.0,3.0,25.0,16.0,47.0,43.0,26.0,39.0,63.0,54.0,55.0,11.0,36.0,37.0,37.0,74.0,39.0,27.0,39.0,37.0,35.0,73.0,39.0,56.0,78.0,20.0,22.0,28.0,39.0,32.0,60.0,36.0,32.0,60.0,59.0,27.0,61.0,58.0,70.0,30.0,24.0,17.0,16.0,60.0,51.0,22.0,47.0,30.0,48.0,32.0,56.0,26.0,35.0,23.0,48.0,26.0,27.0,27.0,30.0,26.0,16.0,66.0,29.0,50.0,30.0,49.0,42.0,53.0,86.0,44.0,41.0,60.0,24.0,39.0,50.0,33.0,37.0,18.0,43.0,46.0,48.0,23.0,56.0,43.0,23.0,28.0,37.0,15.0,36.0,23.0,27.0,81.0,39.0,15.0,36.0,55.0,35.0,26.0,34.0,49.0,42.0,36.0,41.0,39.0,40.0,40.0,36.0,38.0,27.0,52.0,28.0,67.0,72.0,35.0,41.0,45.0,37.0,56.0,45.0,31.0,40.0,42.0,79.0,59.0,53.0,22.0,35.0,63.0,38.0,49.0,46.0
50.0,34.0,10.0,51.0,48.0,15.0,28.0,42.0,13.0,42.0,45.0,56.0,21.0,17.0,30.0,36.0,89.0,29.0,47.0,17.0,30.0,31.0,36.0,28.0,12.0,32.0,36.0,18.0,31.0,35.0,35.0,37.0,15.0,11.0,67.0,39.0,53.0,39.0,42.0,20.0,32.0,26.0,10.0,31.0,35.0,26.0,40.0,31.0,9.0,23.0,38.0,14.0,35.0,25.0,19.0,36.0,35.0,7.0,35.0,32.0,16.0,19.0,27.0,31.0,46.0,37.0,26.0,13.0,24.0,36.0,23.0,14.0,38.0,29.0,46.0,53.0,11.0,42.0,52.0,22.0,67.0,24.0,44.0,14.0,34.0,15.0,55.0,26.0,34.0,40.0,45.0,33.0,24.0,39.0,29.0,16.0,24.0,27.0,40.0,25.0,26.0,5.0,19.0,34.0,12.0,38.0,24.0,14.0,19.0,36.0,48.0,33.0,30.0,30.0,47.0,39.0,38.0,34.0,24.0,23.0,40.0,27.0,67.0,16.0,15.0,49.0,46.0,35.0,40.0,31.0,16.0,35.0,40.0,30.0,25.0,42.0,52.0,32.0,41.0,46.0,33.0,36.0,14.0,64.0,20.0,18.0,25.0,18.0,25.0,13.0,27.0,20.0,25.0,21.0,27.0,5.0,14.0,26.0,41.0,20.0,16.0,36.0,37.0,24.0
38.0,33.0,24.0,19.0,20.0,15.0,50.0,24.0,37.0,27.0,30.0,15.0,35.0,31.0,41.0,32.0,5.0,31.0,35.0,31.0,26.0,26.0,39.0,46.0,45.0,33.0,19.0,34.0,37.0,25.0,17.0,17.0,21.0,34.0,30.0,36.0,30.0,14.0,15.0,54.0,30.0,11.0,36.0,14.0,54.0,38.0,24.0,33.0,18.0,38.0,35.0,47.0,28.0,41.0,8.0,25.0,9.0,15.0,46.0,46.0,56.0,42.0,42.0,9.0,18.0,31.0,14.0,28.0,50.0,3.0,19.0,17.0,32.0,47.0,37.0,31.0,30.0,7.0,26.0,31.0,3.0,29.0,25.0,30.0,40.0,50.0,21.0,26.0,41.0,32.0,28.0,37.0,50.0,45.0,5.0,55.0,25.0,42.0,12.0,34.0,22.0,9.0,38.0,24.0,29.0,38.0,37.0,37.0,48.0,26.0,34.0,24.0,24.0,22.0,30.0,5.0,19.0,43.0,49.0,41.0,45.0,36.0,10.0,57.0,4.0,12.0,39.0,30.0,6.0,35.0,58.0,31.0,12.0,28.0,39.0,17.0,10.0,28.0,19.0,18.0,29.0,37.0,34.0,7.0,13.0,10.0,40.0,41.0,30.0,50.0,17.0,35.0,45.0,39.0,31.0,16.0,27.0,21.0,37.0,45.0,21.0,26.0,14.0,30.0
,,,,,,,,,,,,,,,,,,,,,,,,,,,,,,,,,,,,,,,,,,,,,,,,,,,,,,,,,,,,,,,,,,,,,,,,,,,,,,,,,,,,,,,,,,,,,,,,,,,,,,,,,,,,,,,,,,,,,,,,,,,,,,,,,,,,,,,,,,,,,,,,,,,,,,,,,,,,,,,,,,,
,,,,,,,,,,,,,,,,,,,,,,,,,,,,,,,,,,,,,,,,,,,,,,,,,,,,,,,,,,,,,,,,,,,,,,,,,,,,,,,,,,,,,,,,,,,,,,,,,,,,,,,,,,,,,,,,,,,,,,,,,,,,,,,,,,,,,,,,,,,,,,,,,,,,,,,,,,,,,,,,,,,
,,,,,,,,,,,,,,,,,,,,,,,,,,,,,,,,,,,,,,,,,,,,,,,,,,,,,,,,,,,,,,,,,,,,,,,,,,,,,,,,,,,,,,,,,,,,,,,,,,,,,,,,,,,,,,,,,,,,,,,,,,,,,,,,,,,,,,,,,,,,,,,,,,,,,,,,,,,,,,,,,,,
,,,,,,,,,,,,,,,,,,,,,,,,,,,,,,,,,,,,,,,,,,,,,,,,,,,,,,,,,,,,,,,,,,,,,,,,,,,,,,,,,,,,,,,,,,,,,,,,,,,,,,,,,,,,,,,,,,,,,,,,,,,,,,,,,,,,,,,,,,,,,,,,,,,,,,,,,,,,,,,,,,,
,,,,,,,,,,,,,,,,,,,,,,,,,,,,,,,,,,,,,,,,,,,,,,,,,,,,,,,,,,,,,,,,,,,,,,,,,,,,,,,,,,,,,,,,,,,,,,,,,,,,,,,,,,,,,,,,,,,,,,,,,,,,,,,,,,,,,,,,,,,,,,,,,,,,,,,,,,,,,,,,,,,
,,,,,,,,,,,,,,,,,,,,,,,,,,,,,,,,,,,,,,,,,,,,,,,,,,,,,,,,,,,,,,,,,,,,,,,,,,,,,,,,,,,,,,,,,,,,,,,,,,,,,,,,,,,,,,,,,,,,,,,,,,,,,,,,,,,,,,,,,,,,,,,,,,,,,,,,,,,,,,,,,,,
,,,,,,,,,,,,,,,,,,,,,,,,,,,,,,,,,,,,,,,,,,,,,,,,,,,,,,,,,,,,,,,,,,,,,,,,,,,,,,,,,,,,,,,,,,,,,,,,,,,,,,,,,,,,,,,,,,,,,,,,,,,,,,,,,,,,,,,,,,,,,,,,,,,,,,,,,,,,,,,,,,,
,,,,,,,,,,,,,,,,,,,,,,,,,,,,,,,,,,,,,,,,,,,,,,,,,,,,,,,,,,,,,,,,,,,,,,,,,,,,,,,,,,,,,,,,,,,,,,,,,,,,,,,,,,,,,,,,,,,,,,,,,,,,,,,,,,,,,,,,,,,,,,,,,,,,,,,,,,,,,,,,,,,
,,,,,,,,,,,,,,,,,,,,,,,,,,,,,,,,,,,,,,,,,,,,,,,,,,,,,,,,,,,,,,,,,,,,,,,,,,,,,,,,,,,,,,,,,,,,,,,,,,,,,,,,,,,,,,,,,,,,,,,,,,,,,,,,,,,,,,,,,,,,,,,,,,,,,,,,,,,,,,,,,,,
,,,,,,,,,,,,,,,,,,,,,,,,,,,,,,,,,,,,,,,,,,,,,,,,,,,,,,,,,,,,,,,,,,,,,,,,,,,,,,,,,,,,,,,,,,,,,,,,,,,,,,,,,,,,,,,,,,,,,,,,,,,,,,,,,,,,,,,,,,,,,,,,,,,,,,,,,,,,,,,,,,,
,,,,,,,,,,,,,,,,,,,,,,,,,,,,,,,,,,,,,,,,,,,,,,,,,,,,,,,,,,,,,,,,,,,,,,,,,,,,,,,,,,,,,,,,,,,,,,,,,,,,,,,,,,,,,,,,,,,,,,,,,,,,,,,,,,,,,,,,,,,,,,,,,,,,,,,,,,,,,,,,,,,
,,,,,,,,,,,,,,,,,,,,,,,,,,,,,,,,,,,,,,,,,,,,,,,,,,,,,,,,,,,,,,,,,,,,,,,,,,,,,,,,,,,,,,,,,,,,,,,,,,,,,,,,,,,,,,,,,,,,,,,,,,,,,,,,,,,,,,,,,,,,,,,,,,,,,,,,,,,,,,,,,,,
,,,,,,,,,,,,,,,,,,,,,,,,,,,,,,,,,,,,,,,,,,,,,,,,,,,,,,,,,,,,,,,,,,,,,,,,,,,,,,,,,,,,,,,,,,,,,,,,,,,,,,,,,,,,,,,,,,,,,,,,,,,,,,,,,,,,,,,,,,,,,,,,,,,,,,,,,,,,,,,,,,,
,,,,,,,,,,,,,,,,,,,,,,,,,,,,,,,,,,,,,,,,,,,,,,,,,,,,,,,,,,,,,,,,,,,,,,,,,,,,,,,,,,,,,,,,,,,,,,,,,,,,,,,,,,,,,,,,,,,,,,,,,,,,,,,,,,,,,,,,,,,,,,,,,,,,,,,,,,,,,,,,,,,
,,,,,,,,,,,,,,,,,,,,,,,,,,,,,,,,,,,,,,,,,,,,,,,,,,,,,,,,,,,,,,,,,,,,,,,,,,,,,,,,,,,,,,,,,,,,,,,,,,,,,,,,,,,,,,,,,,,,,,,,,,,,,,,,,,,,,,,,,,,,,,,,,,,,,,,,,,,,,,,,,,,
,,,,,,,,,,,,,,,,,,,,,,,,,,,,,,,,,,,,,,,,,,,,,,,,,,,,,,,,,,,,,,,,,,,,,,,,,,,,,,,,,,,,,,,,,,,,,,,,,,,,,,,,,,,,,,,,,,,,,,,,,,,,,,,,,,,,,,,,,,,,,,,,,,,,,,,,,,,,,,,,,,,
,,,,,,,,,,,,,,,,,,,,,,,,,,,,,,,,,,,,,,,,,,,,,,,,,,,,,,,,,,,,,,,,,,,,,,,,,,,,,,,,,,,,,,,,,,,,,,,,,,,,,,,,,,,,,,,,,,,,,,,,,,,,,,,,,,,,,,,,,,,,,,,,,,,,,,,,,,,,,,,,,,,
,,,,,,,,,,,,,,,,,,,,,,,,,,,,,,,,,,,,,,,,,,,,,,,,,,,,,,,,,,,,,,,,,,,,,,,,,,,,,,,,,,,,,,,,,,,,,,,,,,,,,,,,,,,,,,,,,,,,,,,,,,,,,,,,,,,,,,,,,,,,,,,,,,,,,,,,,,,,,,,,,,,
,,,,,,,,,,,,,,,,,,,,,,,,,,,,,,,,,,,,,,,,,,,,,,,,,,,,,,,,,,,,,,,,,,,,,,,,,,,,,,,,,,,,,,,,,,,,,,,,,,,,,,,,,,,,,,,,,,,,,,,,,,,,,,,,,,,,,,,,,,,,,,,,,,,,,,,,,,,,,,,,,,,
,,,,,,,,,,,,,,,,,,,,,,,,,,,,,,,,,,,,,,,,,,,,,,,,,,,,,,,,,,,,,,,,,,,,,,,,,,,,,,,,,,,,,,,,,,,,,,,,,,,,,,,,,,,,,,,,,,,,,,,,,,,,,,,,,,,,,,,,,,,,,,,,,,,,,,,,,,,,,,,,,,,
,,,,,,,,,,,,,,,,,,,,,,,,,,,,,,,,,,,,,,,,,,,,,,,,,,,,,,,,,,,,,,,,,,,,,,,,,,,,,,,,,,,,,,,,,,,,,,,,,,,,,,,,,,,,,,,,,,,,,,,,,,,,,,,,,,,,,,,,,,,,,,,,,,,,,,,,,,,,,,,,,,,
,,,,,,,,,,,,,,,,,,,,,,,,,,,,,,,,,,,,,,,,,,,,,,,,,,,,,,,,,,,,,,,,,,,,,,,,,,,,,,,,,,,,,,,,,,,,,,,,,,,,,,,,,,,,,,,,,,,,,,,,,,,,,,,,,,,,,,,,,,,,,,,,,,,,,,,,,,,,,,,,,,,
,,,,,,,,,,,,,,,,,,,,,,,,,,,,,,,,,,,,,,,,,,,,,,,,,,,,,,,,,,,,,,,,,,,,,,,,,,,,,,,,,,,,,,,,,,,,,,,,,,,,,,,,,,,,,,,,,,,,,,,,,,,,,,,,,,,,,,,,,,,,,,,,,,,,,,,,,,,,,,,,,,,
,,,,,,,,,,,,,,,,,,,,,,,,,,,,,,,,,,,,,,,,,,,,,,,,,,,,,,,,,,,,,,,,,,,,,,,,,,,,,,,,,,,,,,,,,,,,,,,,,,,,,,,,,,,,,,,,,,,,,,,,,,,,,,,,,,,,,,,,,,,,,,,,,,,,,,,,,,,,,,,,,,,
,,,,,,,,,,,,,,,,,,,,,,,,,,,,,,,,,,,,,,,,,,,,,,,,,,,,,,,,,,,,,,,,,,,,,,,,,,,,,,,,,,,,,,,,,,,,,,,,,,,,,,,,,,,,,,,,,,,,,,,,,,,,,,,,,,,,,,,,,,,,,,,,,,,,,,,,,,,,,,,,,,,
,,,,,,,,,,,,,,,,,,,,,,,,,,,,,,,,,,,,,,,,,,,,,,,,,,,,,,,,,,,,,,,,,,,,,,,,,,,,,,,,,,,,,,,,,,,,,,,,,,,,,,,,,,,,,,,,,,,,,,,,,,,,,,,,,,,,,,,,,,,,,,,,,,,,,,,,,,,,,,,,,,,
,,,,,,,,,,,,,,,,,,,,,,,,,,,,,,,,,,,,,,,,,,,,,,,,,,,,,,,,,,,,,,,,,,,,,,,,,,,,,,,,,,,,,,,,,,,,,,,,,,,,,,,,,,,,,,,,,,,,,,,,,,,,,,,,,,,,,,,,,,,,,,,,,,,,,,,,,,,,,,,,,,,
